,DOI,File,Score
0,10.1111/cdev.13080,Yaple and Arsalidou - 2018 - N-back Working Memory Task Meta-analysis of Norma.pdf,0
1,10.3390/brainsci11030401,Assari et al. - 2021 - Parental Education and Left Lateral Orbitofrontal .pdf,1
2,10.1111/jnp.12076,Dores et al. - 2017 - Study of behavioural and neural bases of visuo-spa.pdf,0
3,10.3389/fnhum.2014.00593,Manelis and Reder - 2014 - Effective connectivity among the working memory re.pdf,0
4,10.1371/journal.pone.0135468,Jiang et al. - 2015 - Cerebral Inefficient Activation in Schizophrenia P.pdf,1
5,10.3389/fnbeh.2021.657264,Verhallen et al. - 2021 - Working Memory Alterations After a Romantic Relati.pdf,1
6,10.1016/j.biopsycho.2008.03.006,Blokland et al. - 2008 - Quantifying the heritability of task-related brain.pdf,0
7,10.1017/S0033291720000471,Kowalczyk et al. - 2021 - Neurocognitive correlates of working memory and em.pdf,0
8,10.1016/j.nicl.2021.102747,Yaple et al. - 2021 - Mapping working memory-specific dysfunction using .pdf,0
9,10.1007/s10548-021-00876-8,Forsyth et al. - 2021 - Effects of Ketamine and Midazolam on Simultaneous .pdf,1
10,10.1093/cercor/bhaa350,Gu et al. - 2021 - Temporal Dynamics of Functional Brain States Under.pdf,0
11,10.1007/s11682-021-00452-5,Vannest et al. - 2021 - Altered functional network connectivity and workin.pdf,0
12,10.1002/hbm.24633,"Mencarelli et al. - 2019 - Stimuli, presentation modality, and load-specific .pdf",0
13,10.1088/1741-2552/aaefda,Jonmohamadi et al. - 2019 - Constrained temporal parallel decomposition for EE.pdf,0
14,10.1016/j.neuroimage.2021.117795,Meidenbauer et al. - 2021 - Load-dependent relationships between frontal fNIRS.pdf,0
15,10.1016/j.nicl.2019.102015,Syan et al. - 2019 - Deficits in executive function and suppression of .pdf,0
16,10.3758/s13415-021-00908-7,Sharma et al. - 2021 - The regulatory roles of progesterone and estradiol.pdf,0
17,10.1162/jocn_a_01759,Lin et al. - 2021 - Functional Connectivity during Encoding Predicts I.pdf,0
18,10.1523/JNEUROSCI.2841-19.2020,Rosenberg et al. - 2020 - Behavioral and Neural Signatures of Working Memory.pdf,0
19,10.1109/JBHI.2019.2925710,Kassani et al. - 2020 - Multimodal Sparse Classifier for Adolescent Brain .pdf,0
20,10.1176/appi.ajp.2012.12030385,Baller et al. - 2013 - Abnormalities of dorsolateral prefrontal function .pdf,0
21,10.1038/s41593-021-00867-9,Chaarani et al. - 2021 - Baseline brain function in the preadolescents of t.pdf,7
22,10.1007/s11682-017-9728-5,Vardy et al. - 2019 - A mechanistic cohort study evaluating cognitive im.pdf,0
23,10.1016/j.nicl.2022.102936,Bruijel et al. - 2022 - Task-induced subjective fatigue and resting-state .pdf,1
24,10.1007/s00213-006-0334-2,Rose et al. - 2006 - The effects of escitalopram on working memory and .pdf,0
25,10.3389/fpsyg.2020.579188,Wylie et al. - 2020 - Using Signal Detection Theory to Better Understand.pdf,1
26,10.1093/cercor/bhaa243,Boylan et al. - 2021 - Greater BOLD Variability is Associated With Poorer.pdf,0
27,10.1016/j.dib.2020.105801,Lytle et al. - 2020 - A neuroimaging dataset on working memory and rewar.pdf,0
28,10.1159/000352011,Cremaschi et al. - 2013 - Assessing working memory via N-back task in euthym.pdf,0
29,10.3389/fnbeh.2016.00087,Lamp et al. - 2016 - Mapping of the Underlying Neural Mechanisms of Mai.pdf,0
30,10.1017/S0033291720001063,Fuentes-Claramonte et al. - 2021 - Brain functional correlates of formal thought diso.pdf,0
31,10.1093/schbul/sbab086,Wu et al. - 2022 - Imbalance Between Prefronto-Thalamic and Sensorimo.pdf,0
32,10.3389/fneur.2018.00370,Lahr et al. - 2018 - Working Memory-Related Effective Connectivity in H.pdf,0
33,10.1016/j.pscychresns.2015.01.022,Israel et al. - 2015 - n-back task performance and corresponding brain-ac.pdf,0
34,10.1017/S1355617718001170,"Conklin et al. - 2019 - Cognitive Performance, Aerobic Fitness, Motor Prof.pdf",0
35,10.1016/j.neurobiolaging.2019.12.014,Konishi et al. - 2020 - Impact of BDNF and sex on maintaining intact memor.pdf,0
36,10.1038/s41386-020-00901-7,Ott et al. - 2021 - Change in prefrontal activity and executive functi.pdf,0
37,10.1016/j.mri.2015.10.036,James et al. - 2016 - A human brain atlas derived via n-cut parcellation.pdf,0
38,10.1002/hbm.25164,Salmi et al. - 2020 - Working memory training restores aberrant brain ac.pdf,0
39,10.1177/1352458516656809,Vacchi et al. - 2017 - Working memory network dysfunction in relapse-onse.pdf,0
40,10.1007/s00429-016-1271-4,Bregman et al. - 2017 - A cognitive fMRI study in non-manifesting LRRK2 an.pdf,0
41,10.1007/s11682-020-00269-8,Gimbel et al. - 2021 - Brain bases of recovery following cognitive rehabi.pdf,0
42,10.3390/brainsci9060144,Duman et al. - 2019 - Uncovering Dynamic Brain Reconfiguration in MEG Wo.pdf,1
43,10.1002/brb3.2105,Stark et al. - 2021 - Using functional connectivity models to characteri.pdf,0
44,10.1002/hbm.23603,Delaveau et al. - 2017 - Default mode and task-positive networks connectivi.pdf,0
45,10.1016/j.schres.2013.11.026,Sapara et al. - 2014 - Preservation and compensation the functional neur.pdf,0
46,10.1162/jocn_a_01685,Rieck et al. - 2021 - Contributions of Brain Function and Structure to T.pdf,0
47,10.2147/CIA.S183425,Lau et al. - 2019 - Relationships between dietary nutrients intake and.pdf,0
48,10.3390/brainsci10080520,Assari et al. - 2020 - Family Income Mediates the Effect of Parental Educ.pdf,0
49,10.1007/s13365-017-0607-z,Cohen et al. - 2018 - Neural response to working memory demand predicts .pdf,0
50,10.1016/j.neuroimage.2018.10.055,Gu et al. - 2019 - Regional excitation-inhibition balance predicts de.pdf,0
51,10.1162/jocn_a_00916,Thompson et al. - 2016 - Intensive Working Memory Training Produces Functio.pdf,0
52,10.1093/cercor/bhaa400,Andin et al. - 2021 - Working Memory for Signs with Poor Visual Resoluti.pdf,0
53,10.1080/13803395.2014.953039,Jacola et al. - 2014 - Clinical utility of the N-back task in functional .pdf,0
54,10.1111/adb.12111,Cousijn et al. - 2014 - Relationship between working-memory network functi.pdf,0
55,10.1016/j.brainres.2016.10.027,Moisala et al. - 2017 - Gaming is related to enhanced working memory perfo.pdf,0
56,10.1111/j.1467-9450.2010.00808.x,Beneventi et al. - 2010 - Executive working memory processes in dyslexia be.pdf,0
57,10.3389/fpsyg.2010.00202,Alain et al. - 2010 - Dissociable memory- and response-related activity .pdf,0
58,10.1017/S0033291721005250,Wilkinson et al. - 2022 - In memory of Professor Iain Wilkinson cognitive a.pdf,0
59,10.1001/jamapsychiatry.2019.0020,Pornpattananangkul et al. - 2019 - Association Between Childhood Anhedonia and Altera.pdf,0
60,10.1371/journal.pone.0131536,Luis et al. - 2015 - Successful Working Memory Processes and Cerebellum.pdf,1
61,10.1162/jocn_a_01685,Rieck et al. - 2021 - Contributions of Brain Function and Structure to T.pdf,0
62,10.1155/2019/2657902,Aguirre et al. - 2019 - Repeated Working Memory Training Improves Task Per.pdf,1
63,10.1017/S135561771400054X,Kearney-Ramos et al. - 2014 - Merging clinical neuropsychology and functional ne.pdf,0
64,10.1016/j.brainres.2019.146303,"Konishi et al. - 2019 - Impact of adrenal hormones, reproductive aging, an.pdf",0
65,10.1016/j.neuroimage.2017.12.067,Jung et al. - 2018 - Effective connectivity during working memory and r.pdf,0
66,10.1007/s10548-020-00787-0,Jonmohamadi et al. - 2020 - Extraction of Common Task Features in EEG-fMRI Dat.pdf,0
67,10.1038/tp.2015.107,Urbain et al. - 2015 - Atypical spatiotemporal signatures of working memo.pdf,0
68,10.3389/fpsyg.2017.00056,Wu et al. - 2017 - Task Performance Modulates Functional Connectivity.pdf,0
69,10.1093/cercor/bhm054,Koshino et al. - 2008 - fMRI investigation of working memory for faces in .pdf,0
70,10.1007/s13365-019-00792-5,"Heany et al. - 2020 - Neural correlates of maintenance working memory, a.pdf",0
71,10.1002/hbm.22230,Gordon et al. - 2014 - Working memory-related changes in functional conne.pdf,0
72,10.3389/fnhum.2021.771711,Blomberg et al. - 2021 - The Effects of Working Memory Load on Auditory Dis.pdf,1
73,10.1016/j.yebeh.2018.04.022,Oyegbile et al. - 2018 - Executive dysfunction is associated with an altere.pdf,0
74,10.1016/j.jpsychires.2012.01.008,Brown et al. - 2012 - Working memory network alterations and associated .pdf,0
75,10.3389/fnbeh.2016.00138,Sherwood et al. - 2016 - Combining Real-Time fMRI Neurofeedback Training of.pdf,0
76,10.1038/s41380-021-01320-w,Wolf et al. - 2021 - Effect of mGluR2 positive allosteric modulation on.pdf,0
77,10.1186/s12883-021-02366-7,Kawashima et al. - 2021 - Impairment of the visuospatial working memory in t.pdf,0
78,10.1111/bdi.13100,Zarp Petersen et al. - 2022 - Neuronal underpinnings of cognitive impairment in .pdf,0
79,10.1017/S1355617721000424,Thomas et al. - 2021 - Detecting the Inverted-U in fMRI Studies of Schizo.pdf,0
80,10.1002/hbm.20783,Schmidt et al. - 2009 - No gender differences in brain activation during t.pdf,0
81,10.1159/000343201,Yin et al. - 2013 - Spatial working memory impairment in subclinical h.pdf,0
82,10.1007/s11682-017-9724-9,Sours et al. - 2018 - Altered segregation between task-positive and task.pdf,1
83,10.1111/epi.12193,Winston et al. - 2013 - Structural correlates of impaired working memory i.pdf,0
84,10.1111/ejn.15532,Xu et al. - 2021 - Substantia nigra iron affects functional connectiv.pdf,0
85,10.1111/adb.13003,Cousijn et al. - 2021 - Sex-dependent prefrontal cortex activation in regu.pdf,0
86,10.3899/jrheum.160290,Zhu et al. - 2017 - Spatial Working Memory Impairment in Patients with.pdf,0
87,10.1289/ehp.1002529,Tang et al. - 2011 - Occupational solvent exposure and brain function .pdf,0
88,10.1523/JNEUROSCI.1426-13.2013,Burzynska et al. - 2013 - A scaffold for efficiency in the human brain..pdf,0
89,10.1007/s11682-016-9608-4,Correa et al. - 2017 - Brain structure and function in patients with ovar.pdf,0
90,10.1111/bdi.12767,Alonso-Lana et al. - 2019 - Longitudinal brain functional changes between mani.pdf,0
91,10.1111/ene.14957,Kobeleva et al. - 2021 - Brain activity is contingent on neuropsychological.pdf,0
92,10.1016/j.jad.2020.05.022,Cl et al. - 2020 - The neural basis of hot and cold cognition in depr.pdf,0
93,10.1371/journal.pone.0213070,Dehghan Nayyeri et al. - 2019 - Impact of pressure as a tactile stimulus on workin.pdf,1
94,10.1002/jnr.25023,Chai et al. - 2022 - Neural alterations in working memory of mild-moder.pdf,0
95,10.1016/j.neuroimage.2016.08.066,Frangou et al. - 2017 - Towards person-centered neuroimaging markers for r.pdf,0
96,10.1016/j.eurpsy.2013.02.004,Bleich-Cohen et al. - 2014 - Working memory dysfunction in schizophrenia patien.pdf,0
97,10.1037/pha0000197,Flanagan et al. - 2018 - Effects of oxytocin on working memory and executiv.pdf,0
98,10.4172/2167-1044.S1-003,Dotson et al. - 2014 - Unique and interactive effect of anxiety and depre.pdf,0
99,10.3389/fnagi.2020.00194,Jablonska et al. - 2020 - Maintenance vs. Manipulation in Auditory Verbal Wo.pdf,1
100,10.1016/j.nicl.2015.12.003,Mattfeld et al. - 2016 - Dissociation of working memory impairments and att.pdf,0
101,10.1007/s11682-019-00137-0,de Oliveira Rosa et al. - 2020 - Effects of computerized cognitive training as add-.pdf,0
102,10.1002/gps.4482,Dev et al. - 2017 - Peripheral inflammation related to lower fMRI acti.pdf,0
103,10.3389/fnbeh.2017.00058,Manktelow et al. - 2017 - Working Memory after Traumatic Brain Injury The N.pdf,0
104,10.1523/JNEUROSCI.2305-15.2016,Salminen et al. - 2016 - Transfer after Dual n-Back Training Depends on Str.pdf,0
105,10.1111/ejn.15473,Steffener et al. - 2021 - Quantifying neural efficiency and neural capacity .pdf,0
106,10.1038/s41467-020-15631-z,Finc et al. - 2020 - Dynamic reconfiguration of functional brain networ.pdf,1
107,10.1016/j.nicl.2017.10.039,Heinzel et al. - 2018 - Neural correlates of working memory deficits and a.pdf,0
108,10.1038/npp.2013.24,Wardle et al. - 2013 - Lack of association between COMT and working memor.pdf,0
109,10.1371/journal.pone.0113975,Kalpakidou et al. - 2014 - Functional neuroanatomy of executive function afte.pdf,1
110,10.1016/j.psyneuen.2011.07.007,Epperson et al. - 2012 - Interactive effects of estrogen and serotonin on b.pdf,0
111,10.3389/fpsyt.2018.00071,Zanchi et al. - 2018 - Acute Effects of Glucose and Fructose Administrati.pdf,1
112,10.1007/s12311-019-01094-6,Shishegar et al. - 2020 - Longitudinal Increases in Cerebral Brain Activatio.pdf,0
113,10.1002/hbm.21264,"Medaglia et al. - 2012 - The less BOLD, the wiser support for the latent r.pdf",0
114,10.1523/JNEUROSCI.3081-12.2013,Bilek et al. - 2013 - Application of high-frequency repetitive transcran.pdf,0
115,10.3389/fnagi.2019.00300,Emch et al. - 2019 - Neural and Behavioral Effects of an Adaptive Onlin.pdf,1
116,10.1007/s11682-020-00383-7,Huang et al. - 2021 - Abnormal brain activity patterns during spatial wo.pdf,0
117,10.1016/j.neuroimage.2020.116544,Rodrigue et al. - 2020 - Striatal iron content is linked to reduced fronto-.pdf,0
118,10.1002/jmri.24967,Huang et al. - 2016 - Spatial working memory impairment in primary onset.pdf,0
119,10.3389/fnhum.2014.00954,Stanley et al. - 2014 - Changes in global and regional modularity associat.pdf,0
120,10.3389/fnins.2019.01246,Nielsen et al. - 2019 - Whole-Brain Exploratory Analysis of Functional Tas.pdf,1
121,10.1007/s10548-017-0552-4,Sotnikova et al. - 2017 - Transcranial Direct Current Stimulation Modulates .pdf,0
122,10.1016/j.eurpsy.2015.03.003,Falkenberg et al. - 2015 - Failure to deactivate medial prefrontal cortex in .pdf,0
123,10.1007/s13365-014-0305-z,Sundermann et al. - 2015 - Genetic predictor of working memory and prefrontal.pdf,0
124,10.3389/fpsyt.2020.512761,Brooks et al. - 2020 - Review of the Neural Processes of Working Memory T.pdf,0
125,10.1002/hbm.24912,Di et al. - 2020 - Anterior cingulate cortex differently modulates fr.pdf,0
126,10.1523/JNEUROSCI.2965-15.2016,Cohen and D'Esposito - 2016 - The Segregation and Integration of Distinct Brain .pdf,0
127,10.1002/hbm.25678,Fietz et al. - 2022 - Pupillometry tracks cognitive load and salience ne.pdf,0
128,10.1016/j.neuropsychologia.2014.06.009,Sabri et al. - 2014 - Neural effects of cognitive control load on audito.pdf,0
129,10.1016/j.nicl.2020.102308,Sinke et al. - 2020 - Sexual cues alter working memory performance and b.pdf,0
130,10.4306/pi.2012.9.3.283,Kim et al. - 2012 - Changes in effective connectivity according to wor.pdf,0
131,10.1038/s41598-020-66058-x,Bak et al. - 2020 - Altered neural substrates within cognitive network.pdf,1
132,10.1523/JNEUROSCI.3206-04.2004,Kumari et al. - 2004 - Personality predicts brain responses to cognitive .pdf,0
133,10.3389/fnhum.2014.00076,Fishburn et al. - 2014 - Sensitivity of fNIRS to cognitive state and load..pdf,0
134,10.3389/fneur.2015.00199,Schmidt et al. - 2015 - Pushing the Limits Chronotype and Time of Day Mod.pdf,0
135,10.1016/j.nicl.2018.09.022,Raposo Pereira et al. - 2018 - Effect of GHB-use and GHB-induced comas on dorsola.pdf,0
136,10.3389/fpsyt.2019.00611,Towlson et al. - 2019 - Brain Networks Reveal the Effects of Antipsychotic.pdf,2
137,10.1016/j.bandc.2013.02.007,Nagel et al. - 2013 - Hemispheric lateralization of verbal and spatial w.pdf,0
138,10.1523/JNEUROSCI.1493-18.2018,Salami et al. - 2019 - Dopamine D(23) Binding Potential Modulates Neural.pdf,0
139,10.1002/pchj.134,Hammar et al. - 2016 - Striatal hypoactivation and cognitive slowing in p.pdf,0
140,10.3389/fneur.2015.00078,Hubacher et al. - 2015 - Case-Based fMRI Analysis after Cognitive Rehabilit.pdf,0
141,10.1089/neu.2018.5737,Yuan et al. - 2019 - Impact of Low-Level Blast Exposure on Brain Functi.pdf,0
142,10.1016/j.neuroimage.2020.117309,Zachariou et al. - 2020 - Cortical iron disrupts functional connectivity net.pdf,0
143,10.1016/j.neuroimage.2014.09.059,Plichta et al. - 2014 - Amygdala habituation a reliable fMRI phenotype..pdf,0
144,10.1002/hbm.23034,Harding et al. - 2016 - Fronto-cerebellar dysfunction and dysconnectivity .pdf,0
145,10.1073/pnas.1504090112,Garrett et al. - 2015 - Amphetamine modulates brain signal variability and.pdf,0
146,10.1002/nbm.4296,Stefancin et al. - 2020 - Neural correlates of working memory function in pe.pdf,0
147,10.1007/s10334-005-0010-2,Haller et al. - 2005 - Effect of fMRI acoustic noise on non-auditory work.pdf,0
148,10.3389/fnagi.2019.00340,Nissim et al. - 2019 - Effects of Transcranial Direct Current Stimulation.pdf,1
149,10.1097/MD.0000000000001586,Chen et al. - 2015 - BDNF Val66Met Polymorphism on Functional MRI Durin.pdf,0
150,10.1093/cercor/bhv181,"Fonville et al. - 2015 - Psychotic Experiences, Working Memory, and the Dev.pdf",0
151,10.1523/JNEUROSCI.2948-11.2011,Takeuchi et al. - 2011 - Effects of training of processing speed on neural .pdf,0
152,10.1523/ENEURO.0222-17.2018,Egli et al. - 2018 - Identification of Two Distinct Working Memory-Rela.pdf,0
153,10.1016/j.schres.2016.02.023,"Thermenos et al. - 2016 - Hyperactivity of caudate, parahippocampal, and pre.pdf",0
154,10.1093/brain/awl215,Zhu et al. - 2006 - fMRI revealed neural substrate for reversible work.pdf,0
155,10.1038/s41598-021-98333-w,Heinzel et al. - 2021 - Polygenic risk for obsessive-compulsive disorder (.pdf,0
156,10.1016/j.drugalcdep.2017.01.029,Wesley et al. - 2017 - Neurophysiological capacity in a working memory ta.pdf,0
157,10.1176/ajp.2006.163.11.1969,Tan et al. - 2006 - Dysfunctional prefrontal regional specialization a.pdf,1
158,10.1007/s11682-013-9241-4,Abraham et al. - 2014 - Gender differences in creative thinking behaviora.pdf,0
159,10.3389/fnagi.2019.00051,Nissim et al. - 2019 - Effects of in-Scanner Bilateral Frontal tDCS on Fu.pdf,1
160,10.1371/journal.pone.0209376,Fuentes-Claramonte et al. - 2019 - Shared and differential default-mode related patte.pdf,1
161,10.3389/fnhum.2021.765451,You et al. - 2021 - Is There Any Relationship Between Biochemical Indi.pdf,1
162,10.1007/s00702-021-02352-w,Daedelow et al. - 2021 - Neural correlates of RDoC-specific cognitive proce.pdf,1
163,10.3389/fnagi.2018.00358,Suzuki et al. - 2018 - Neural Correlates of Working Memory Maintenance in.pdf,0
164,10.1089/neu.2018.6117,Khetani et al. - 2019 - Alteration in Cerebral Activation during a Working.pdf,0
165,10.3389/fnagi.2018.00058,Esteves et al. - 2018 - Functional Hemispheric (A)symmetries in the Aged B.pdf,0
166,10.1016/j.neuropsychologia.2013.07.009,Johannsen et al. - 2013 - Functional neuroimaging of the interference betwee.pdf,0
167,10.1016/j.neuropsychologia.2018.03.003,Ivanova et al. - 2018 - Neural mechanisms of two different verbal working .pdf,0
168,10.1111/bdi.12497,Miskowiak et al. - 2017 - The catechol-O-methyltransferase (COMT) Val158Met .pdf,0
169,10.1038/srep36731,Kang et al. - 2016 - Decrease in fMRI brain activation during working m.pdf,0
170,10.1093/cercor/bhy022,Selvaggi et al. - 2019 - Genetic Variation of a DRD2 Co-expression Network .pdf,1
171,10.1002/hbm.22437,Geerligs et al. - 2014 - Flexible connectivity in the aging brain revealed .pdf,0
172,10.1371/journal.pone.0105308,Seo et al. - 2014 - Lead-induced impairments in the neural processes r.pdf,0
173,10.1002/hbm.23181,Yu et al. - 2016 - Effect of rs1063843 in the CAMKK2 gene on the dors.pdf,0
174,10.3233/BEN-2010-0268,Stoodley et al. - 2010 - An fMRI study of intra-individual functional topog.pdf,0
175,10.1093/cercor/bhy344,Gregory et al. - 2019 - Sequence Variation Associated with SLC12A5 Gene Ex.pdf,0
176,10.1159/000486152,Zanchi et al. - 2017 - Decreased Fronto-Parietal and Increased Default Mo.pdf,0
177,10.1080/13825585.2014.894958,Migo et al. - 2015 - Alterations in working memory networks in amnestic.pdf,0
178,10.3389/fncom.2020.00002,Provenzano et al. - 2020 - A Machine Learning Approach to the Differentiation.pdf,1
179,10.1186/s13063-019-4022-z,"Trepp et al. - 2020 - Impact of phenylalanine on cognitive, cerebral, an.pdf",0
180,10.3389/fnbeh.2017.00215,Zhao et al. - 2017 - Localized Fluctuant Oscillatory Activity by Workin.pdf,0
181,10.1016/j.pscychresns.2009.11.010,Townsend et al. - 2010 - fMRI abnormalities in dorsolateral prefrontal cort.pdf,0
182,10.1111/ejn.13120,Thaler et al. - 2016 - Intact working memory in non-manifesting LRRK2 car.pdf,0
183,10.1017/S0033291716000209,Miskowiak et al. - 2016 - Neural correlates of improved executive function f.pdf,0
184,10.1093/schbul/sbx001,Schneider et al. - 2017 - Altered DLPFC-Hippocampus Connectivity During Work.pdf,0
185,10.1523/JNEUROSCI.2135-15.2015,Vatansever et al. - 2015 - Default Mode Dynamics for Global Functional Integr.pdf,0
186,10.1002/hbm.22342,Cousijn et al. - 2014 - Effect of baseline cannabis use and working-memory.pdf,0
187,10.1111/adb.12253,McClernon et al. - 2016 - The effects of nicotine and non-nicotine smoking f.pdf,0
188,10.1002/pbc.24331,Wolfe et al. - 2013 - An fMRI investigation of working memory and its re.pdf,0
189,10.1002/acr.22873,Kozora et al. - 2016 - Functional Magnetic Resonance Imaging of Working M.pdf,0
190,10.1007/s00213-013-3197-3,Ashare et al. - 2013 - Association of abstinence-induced alterations in w.pdf,0
191,10.1371/journal.pone.0095997,Di Giorgio et al. - 2014 - DRD2CHRNA5 interaction on prefrontal biology and .pdf,0
192,10.1212/01.wnl.0000103238.91536.5f,Wishart et al. - 2004 - Brain activation patterns associated with working .pdf,0
193,10.1002/hbm.25007,Sripada et al. - 2020 - Toward a treadmill test for cognition Improved .pdf,0
194,10.1523/JNEUROSCI.5334-10.2011,Blokland et al. - 2011 - Heritability of working memory brain activation..pdf,0
195,10.1371/journal.pone.0030579,Takeuchi et al. - 2012 - Neural correlates of the difference between workin.pdf,0
196,10.1016/j.neuroimage.2018.08.017,Kennedy et al. - 2018 - Increasing beta-amyloid deposition in cognitively .pdf,0
197,10.1093/sleep/34.3.293,Prilipko et al. - 2011 - Task positive and default mode networks during a p.pdf,0
198,10.1007/s11682-014-9307-y,Stojanovic-Radic et al. - 2015 - Neuroimaging and cognition using functional near i.pdf,0
199,10.1016/j.yhbeh.2010.09.003,Dumas et al. - 2010 - Increased memory load-related frontal activation a.pdf,0
200,10.1016/j.neuroimage.2013.05.120,Bernal-Casas et al. - 2013 - Multi-site reproducibility of prefrontal-hippocamp.pdf,0
201,10.1212/WNL.0000000000000446,Pavisian et al. - 2014 - Effects of cannabis on cognition in patients with .pdf,0
202,10.1002/hbm.22165,Esslinger et al. - 2014 - Induction and quantification of prefrontal cortica.pdf,0
203,10.1093/cercor/bhz301,Etzel et al. - 2020 - Pattern Similarity Analyses of FrontoParietal Task.pdf,0
204,10.1002/hbm.23341,Vatansever et al. - 2017 - Angular default mode network connectivity across w.pdf,0
205,10.1002/oby.22013,Pearce et al. - 2017 - Effect of Adolescent Bariatric Surgery on the Brai.pdf,0
206,10.1371/journal.pone.0092123,Oksanen et al. - 2014 - Neural mechanisms of time-based prospective memory.pdf,0
207,10.1007/s12603-015-0609-6,Boespflug et al. - 2016 - Fish Oil Supplementation Increases Event-Related P.pdf,0
208,10.1093/cercor/bhu206,van Ast et al. - 2016 - Brain Mechanisms of Social Threat Effects on Worki.pdf,0
209,10.1017/S0033291708003565,Pomarol-Clotet et al. - 2008 - Failure to deactivate in the prefrontal cortex in .pdf,0
210,10.1002/jmri.26891,You et al. - 2020 - Does traditional asian vegetables (ulam) consumpti.pdf,0
211,10.1002/hbm.22121,Pyka et al. - 2013 - Baseline activity predicts working memory load of .pdf,0
212,10.1016/j.neuroimage.2005.12.016,"Drobyshevsky et al. - 2006 - A rapid fMRI task battery for mapping of visual, m.pdf",0
213,10.1093/ijnp/pyw049,Biehl et al. - 2016 - Increase or Decrease of fMRI Activity in Adult Att.pdf,0
214,10.1093/cercor/10.9.889,Martinkauppi et al. - 2000 - Working memory of auditory localization..pdf,0
215,10.3390/diagnostics10110930,Chen et al. - 2020 - Cognitive Fatigue Is Associated with Altered Funct.pdf,0
216,10.1002/hbm.22296,Georgiou-Karistianis et al. - 2014 - Functional magnetic resonance imaging of working m.pdf,0
217,10.1016/j.neuroimage.2012.01.129,Plichta et al. - 2012 - Test-retest reliability of evoked BOLD signals fro.pdf,0
218,10.1089/neu.2017.5262,Yuan et al. - 2018 - Mild Jugular Compression Collar Ameliorated Change.pdf,0
219,10.1016/j.neuroimage.2012.01.126,Stretton et al. - 2012 - Neural correlates of working memory in Temporal Lo.pdf,0
220,10.1111/adb.12051,Falcone et al. - 2014 - Age-related differences in working memory deficits.pdf,0
221,10.1016/j.eurpsy.2013.05.003,Lao-Kaim et al. - 2014 - Functional MRI investigation of verbal working mem.pdf,0
222,10.1016/j.neuroimage.2009.12.104,Stollstorff et al. - 2010 - Neural response to working memory load varies by d.pdf,0
223,10.1016/j.cortex.2016.05.010,Taurisano et al. - 2016 - Prefrontal activity during working memory is modul.pdf,0
224,10.1089/neu.2013.2983,Dettwiler et al. - 2014 - Persistent differences in patterns of brain activa.pdf,0
225,10.1016/j.yebeh.2019.02.031,Oyegbile et al. - 2019 - Default mode network deactivation in pediatric tem.pdf,0
226,10.1016/j.euroneuro.2017.02.004,Hernaus et al. - 2017 - Noradrenaline transporter blockade increases front.pdf,0
227,10.1111/j.1467-9450.2007.00536.x,Beneventi et al. - 2007 - An fMRI study of working memory for schematic faci.pdf,0
228,10.2147/ndt.s2461,McGeown et al. - 2008 - Prolonged cholinergic enrichment influences region.pdf,0
229,10.3389/fpsyt.2019.00060,Goodin et al. - 2019 - Decreased Response to Positive Facial Affect in a .pdf,0
230,10.1016/j.neurobiolaging.2017.08.027,Kennedy et al. - 2017 - Dynamic range in BOLD modulation lifespan aging t.pdf,0
231,10.3389/fpsyg.2016.01804,Chen et al. - 2016 - Neural Basis of Working Memory Enhancement after A.pdf,0
232,10.1016/j.neuroimage.2010.10.074,Brookes et al. - 2011 - Changes in brain network activity during working m.pdf,0
233,10.1016/j.neuroimage.2005.05.058,Oakes et al. - 2005 - Comparison of fMRI motion correction software tool.pdf,0
234,10.1002/hbm.22150,Wylie et al. - 2014 - Functional magnetic resonance imaging movers and s.pdf,0
235,10.1371/journal.pone.0158867,Alonso-Lana et al. - 2016 - Structural and Functional Brain Correlates of Cogn.pdf,1
236,10.1017/S0033291711001073,Guerrero-Pedraza et al. - 2012 - First-episode psychosis is characterized by failur.pdf,0
237,10.1007/s10548-013-0307-9,Talja et al. - 2015 - Source analysis of event-related potentials during.pdf,0
238,10.1038/pr.2015.120,Zhang et al. - 2015 - Task positive and default mode networks during a w.pdf,0
239,10.1016/j.neuroimage.2004.09.028,Koshino et al. - 2005 - Functional connectivity in an fMRI working memory .pdf,0
240,10.1177/0269881117715607,Wu et al. - 2017 - Verbal working memory-related functional connectiv.pdf,0
241,10.1002/hbm.22042,Diwadkar et al. - 2013 - Differences in cortico-striatal-cerebellar activat.pdf,0
242,10.1111/j.1440-1754.2010.02000.x,Yu et al. - 2011 - Evaluation of working memory impairment in childre.pdf,0
243,10.1016/j.nicl.2015.08.010,Brandt et al. - 2015 - Assessing brain structural associations with worki.pdf,0
244,10.1371/journal.pone.0049392,Massat et al. - 2012 - Working memory-related functional brain patterns i.pdf,0
245,10.3389/fpsyg.2016.01266,Leung et al. - 2016 - Neural Plastic Effects of Working Memory Training .pdf,0
246,10.1016/j.neubiorev.2013.09.005,Kollndorfer et al. - 2013 - Altered likelihood of brain activation in attentio.pdf,0
247,10.1162/jocn.2009.21204,Klemen et al. - 2010 - Auditory working memory load impairs visual ventra.pdf,0
248,10.1038/pr.2013.79,Griffiths et al. - 2013 - fMRI blood oxygen level-dependent activation duri.pdf,0
249,10.1093/schbul/sbu032,D'Aiuto et al. - 2015 - Persistent infection by HSV-1 is associated with c.pdf,0
250,10.1002/hbm.22136,Zou et al. - 2013 - Intrinsic resting-state activity predicts working .pdf,0
251,10.1371/journal.pone.0009348,Bertolino et al. - 2010 - Genetically determined measures of striatal D2 sig.pdf,0
252,10.1016/j.biopsych.2005.03.028,Xu et al. - 2005 - Brain activity in cigarette smokers performing a w.pdf,0
253,10.3389/fnsys.2015.00086,Beatty et al. - 2015 - Transfer of training from one working memory task .pdf,0
254,10.1016/j.jcrc.2015.01.017,Jackson et al. - 2015 - Functional brain imaging in survivors of critical .pdf,0
255,10.1016/j.metabol.2016.08.003,Dumas et al. - 2016 - Dietary saturated fat and monounsaturated fat have.pdf,0
256,10.1093/cercor/10.11.1078,Callicott et al. - 2000 - Physiological dysfunction of the dorsolateral pref.pdf,0
257,10.1089/neu.2016.4834,Yuan et al. - 2017 - Neck Collar with Mild Jugular Vein Compression Ame.pdf,0
258,10.1038/sj.mp.4001894,Matsuo et al. - 2007 - Prefrontal hyperactivation during working memory t.pdf,0
259,10.1212/WNL.0b013e31824c465a,Palacios et al. - 2012 - White matter integrity related to functional worki.pdf,0
260,10.1007/s11011-014-9507-6,"Ahluwalia et al. - 2014 - Enhancement of functional connectivity, working me.pdf",0
261,10.1016/j.msard.2016.03.012,Huiskamp et al. - 2016 - A pilot study of changes in functional brain activ.pdf,0
262,10.1017/S0033291714002232,Chantiluke et al. - 2015 - Disorder-dissociated effects of fluoxetine on brai.pdf,0
263,10.1016/j.nicl.2018.03.039,Zhang et al. - 2018 - Polymorphism in schizophrenia risk gene MIR137 is .pdf,0
264,10.1203/01.pdr.0000185479.92484.a1,Malisza et al. - 2005 - Evaluation of spatial working memory function in c.pdf,0
265,10.1038/mp.2017.72,Wei et al. - 2018 - Brain-derived neurotrophic factor Val(66)Met genot.pdf,0
266,10.1002/hbm.23621,Finc et al. - 2017 - Transition of the functional brain network related.pdf,0
267,10.1371/journal.pone.0046210,Vermeij et al. - 2012 - Effects of aging on cerebral oxygenation during wo.pdf,0
268,10.1186/s13550-018-0406-4,Ito et al. - 2018 - Histamine H(3) receptor density is negatively corr.pdf,0
269,10.1371/journal.pone.0195189,Reed et al. - 2018 - Interaction of childhood urbanicity and variation .pdf,1
270,10.1503/jpn.140021,Schirmbeck et al. - 2015 - Increased orbitofrontal cortex activation associat.pdf,0
271,10.1016/j.ynstr.2020.100248,Herrera et al. - 2020 - Brain activity during a post-stress working memory.pdf,0
272,10.3233/PRM-150348,Westfall et al. - 2015 - Increased brain activation during working memory p.pdf,1
273,10.1016/j.nicl.2016.01.021,"Walitt et al. - 2016 - Characterizing fibrofog Subjective appraisal, o.pdf",0
274,10.1007/s11655-012-1187-7,Cho et al. - 2013 - Brain activity associated with memory and cognitiv.pdf,0
275,10.2174/1874440000802010065,Gundersen et al. - 2008 - The effects of alcohol intoxication on neuronal ac.pdf,0
276,10.1111/desc.12450,Finn et al. - 2017 - Functional brain organization of working memory in.pdf,0
277,10.1371/journal.pone.0055613,Richter et al. - 2013 - Effects of AKAP5 Pro100Leu genotype on working mem.pdf,0
278,10.1111/adb.12103,Charlet et al. - 2014 - Increased neural activity during high working memo.pdf,0
279,10.1186/1471-2407-12-371,Chao et al. - 2012 - Effects of androgen deprivation on brain function .pdf,0
280,10.1523/JNEUROSCI.2815-14.2014,Spreng et al. - 2014 - Goal-congruent default network activity facilitate.pdf,0
281,10.1007/s00406-011-0267-6,Voss et al. - 2012 - Cholinergic blockade under working memory demands .pdf,0
282,10.1007/s11682-012-9192-1,Bennett et al. - 2013 - Prenatal tobacco exposure predicts differential br.pdf,0
283,10.3389/fnhum.2011.00122,Scherling et al. - 2011 - Pre-chemotherapy differences in visuospatial worki.pdf,0
284,10.1016/j.neuroimage.2012.01.043,Dumas et al. - 2012 - Estradiol treatment altered anticholinergic-relate.pdf,0
285,10.1016/j.nicl.2013.08.012,Christ et al. - 2013 - The effects of tetrahydrobiopterin (BH4) treatment.pdf,0
286,10.1093/rheumatology/kem287,Fitzgibbon et al. - 2008 - Functional MRI in NPSLE patients reveals increased.pdf,0
287,10.1007/s00259-007-0635-7,Ludwig et al. - 2008 - Functional imaging studies of cognition using 99mT.pdf,0
288,10.1016/j.pscychresns.2006.09.005,Xu et al. - 2006 - Effects of acute smoking on brain activity vary wi.pdf,0
289,10.3389/fnhum.2017.00085,Heinzel et al. - 2017 - Transfer Effects to a Multimodal Dual-Task after W.pdf,0
290,10.1007/s11682-014-9306-z,Medaglia et al. - 2015 - Modeling distinct imaging hemodynamics early after.pdf,0
291,10.1016/j.neuroimage.2014.05.057,Subramaniam et al. - 2014 - Intensive cognitive training in schizophrenia enha.pdf,0
292,10.3389/fnhum.2014.00171,Muehlhan et al. - 2014 - The effect of body posture on cognitive performanc.pdf,0
293,10.1002/hbm.22573,Luo et al. - 2014 - Emotion perception and executive control interact .pdf,0
294,10.1002/art.23132,DiFrancesco et al. - 2007 - Functional magnetic resonance imaging assessment o.pdf,0
295,10.1002/hbm.20645,Axmacher et al. - 2009 - Working memory representation in atypical language.pdf,0
296,10.3389/fnhum.2012.00173,Schneiders et al. - 2012 - The impact of auditory working memory training on .pdf,0
297,10.3390/brainsci10020083,Bakulin et al. - 2020 - Combining HF rTMS over the Left DLPFC with Concurr.pdf,0
298,10.1176/appi.ajp.160.4.709,Callicott et al. - 2003 - Abnormal fMRI response of the dorsolateral prefron.pdf,0
299,10.1002/hbm.22194,E et al. - 2014 - A meta-analysis of cerebellar contributions to hig.pdf,0
300,10.1038/npp.2009.192,Sambataro et al. - 2010 - Treatment with olanzapine is associated with modul.pdf,0
301,10.3389/fnhum.2012.00152,Sala-Llonch et al. - 2012 - Dynamic functional reorganizations and relationshi.pdf,0
302,10.1007/s11689-009-9004-0,Astley et al. - 2009 - Functional magnetic resonance imaging outcomes fro.pdf,0
303,10.1017/S003329171100242X,Bertocci et al. - 2012 - Abnormal anterior cingulate cortical activity duri.pdf,0
304,10.1176/appi.ajp.2008.08020261,Rasetti et al. - 2009 - Evidence that altered amygdala activity in schizop.pdf,2
305,10.1073/pnas.082111099,Pochon et al. - 2002 - The neural system that bridges reward and cognitio.pdf,0
306,10.1371/journal.pone.0099250,Saliasi et al. - 2014 - Neural correlates associated with successful worki.pdf,0
307,10.1016/j.dcn.2017.06.004,Mueller et al. - 2017 - Evidence for the triadic model of adolescent brain.pdf,0
308,10.1016/j.drugalcdep.2013.09.003,Ashare et al. - 2013 - Effects of tolcapone on working memory and brain a.pdf,0
309,10.1002/hbm.20163,Sweet et al. - 2006 - Functional magnetic resonance imaging response to .pdf,0
310,10.1017/S1355617704105110,Perlstein et al. - 2004 - Parametric manipulation of working memory load in .pdf,0
311,10.1002/hbm.21138,Newton et al. - 2011 - Modulation of steady state functional connectivity.pdf,1
312,10.1002/hbm.21470,Gropman et al. - 2013 - Altered neural activation in ornithine transcarbam.pdf,0
313,10.1017/S0033291713001682,Norbury et al. - 2014 - When less is more a functional magnetic resonance.pdf,0
314,10.1371/journal.pone.0062260,Campanella et al. - 2013 - Increased cortical activity in binge drinkers duri.pdf,0
315,10.1111/add.12577,Havermans et al. - 2014 - Treatment with a nicotine vaccine does not lead to.pdf,0
316,10.1016/j.neuroimage.2012.03.060,Satterthwaite et al. - 2012 - Being right is its own reward load and performanc.pdf,0
317,10.1016/j.bandc.2017.08.007,Hakun and Johnson - 2017 - Dynamic range of frontoparietal functional modulat.pdf,0
318,10.1371/journal.pone.0006626,Barnes et al. - 2009 - Endogenous human brain dynamics recover slowly fol.pdf,0
319,10.5665/sleep.6090,Alkozei et al. - 2016 - Exposure to Blue Light Increases Subsequent Functi.pdf,0
320,10.1038/npp.2010.210,Stokes et al. - 2011 - The effects of the COMT Val108158Met polymorphism.pdf,0
321,10.1016/S0893-133X(97)00096-1,Callicott et al. - 1998 - Functional magnetic resonance imaging brain mappin.pdf,0
322,10.1002/ajmg.b.32294,Delvecchio et al. - 2015 - The effect of ANK3 bipolar-risk polymorphisms on t.pdf,0
323,10.1093/cercor/bht262,Manelis and Reder - 2015 - He who is well prepared has half won the battle a.pdf,0
324,10.1111/adb.12060,Nichols et al. - 2014 - Greater BOLD activity but more efficient connectiv.pdf,0
325,10.1002/hbm.20414,Fitzgerald et al. - 2008 - An fMRI study of prefrontal brain activation durin.pdf,0
326,10.1017/S0033291711001097,Kerestes et al. - 2012 - Abnormal prefrontal activity subserving attentiona.pdf,0
327,10.3389/fpsyt.2014.00001,Wojtalik and Barch - 2014 - An FMRI study of the influence of a history of sub.pdf,0
328,10.1093/cercor/9.1.20,Callicott et al. - 1999 - Physiological characteristics of capacity constrai.pdf,0
329,10.1002/hbm.22382,Dima et al. - 2014 - Dynamic causal modeling of load-dependent modulati.pdf,0
330,10.1159/000346654,Landin-Romero et al. - 2013 - EMDR therapy modulates the default mode network in.pdf,0
331,10.1007/s11682-009-9072-5,Newsome et al. - 2009 - Effects of methylphenidate on working memory in tr.pdf,0
332,10.3389/fnint.2012.00016,Qin et al. - 2012 - The effect of moderate acute psychological stress .pdf,0
333,10.1002/hbm.20284,Forn et al. - 2007 - Compensatory activations in patients with multiple.pdf,0
334,10.1176/ajp.2006.163.9.1603,Wishart et al. - 2006 - Increased brain activation during working memory i.pdf,0
335,10.1016/j.neuroimage.2021.117792,Salami et al. - 2021 - Elevated neuroinflammation contributes to the dele.pdf,2
336,10.1523/JNEUROSCI.2463-13.2014,Heinzel et al. - 2014 - Working memory load-dependent brain response predi.pdf,0
337,10.1016/j.dcn.2019.100642,Oshri et al. - 2019 - Socioeconomic hardship and delayed reward discount.pdf,0
338,10.1007/s00213-020-05505-z,Gorka et al. - 2020 - Intrinsic connections between thalamic sub-regions.pdf,0
339,10.1093/scan/nsv061,Guhn et al. - 2015 - Neuropeptide S receptor gene variation and neural .pdf,0
340,10.1007/s00213-021-05956-y,Kroon et al. - 2021 - Context dependent differences in working memory re.pdf,0
341,10.1111/eip.13078,Metzak et al. - 2021 - Functional imaging in youth at risk for transdiagn.pdf,0
342,10.1093/schbul/sbz137,Yang et al. - 2020 - Connectomic Underpinnings of Working Memory Defici.pdf,0
343,10.3389/fpsyt.2020.00110,Riedl et al. - 2020 - A Multimodal Speech-Gesture Training Intervention .pdf,0
344,10.1249/MSS.0000000000002115,Voss et al. - 2020 - Acute Exercise Effects Predict Training Change in .pdf,0
345,10.1016/j.nicl.2020.102260,Hawco et al. - 2020 - Greater Individual Variability in Functional Brain.pdf,0
346,10.1093/cercor/bht229,Gordon et al. - 2015 - Resting-state striato-frontal functional connectiv.pdf,0
347,10.1073/pnas.2110811118,Kwon et al. - 2021 - Predicting multilingual effects on executive funct.pdf,1
348,10.18632/aging.104059,Fan et al. - 2020 - Female-specific effects of the catechol-O-methyl t.pdf,0
349,10.1523/JNEUROSCI.2345-13.2013,Satterthwaite et al. - 2013 - Functional maturation of the executive system duri.pdf,0
350,10.1016/j.nicl.2015.09.015,Bendfeldt et al. - 2015 - Classifying individuals at high-risk for psychosis.pdf,0
351,10.1016/j.neuroimage.2010.10.072,Roussotte et al. - 2011 - Abnormal brain activation during working memory in.pdf,0
352,10.1038/s41598-021-80995-1,Arciniega et al. - 2021 - Impaired visual working memory and reduced connect.pdf,0
353,10.1177/0269881116636120,"Girgis et al. - 2016 - A proof-of-concept, randomized controlled trial of.pdf",0
354,10.1002/hbm.21360,Smieskova et al. - 2012 - Different duration of at-risk mental state associa.pdf,0
355,10.1002/cncr.29737,Wang et al. - 2016 - Reduced prefrontal activation during working and l.pdf,0
356,10.1007/s00221-007-1102-1,Miskowiak et al. - 2008 - Differential effects of erythropoietin on neural a.pdf,0
357,10.1016/j.pscychresns.2018.05.010,Ma et al. - 2018 - Fronto-striatal effective connectivity of working .pdf,0
358,10.1002/jmri.27762,You et al. - 2021 - Neuroimaging Functional Magnetic Resonance Imaging.pdf,0
359,10.1016/j.bpsc.2020.10.018,Briley et al. - 2021 - Regional Brain Correlates of Beta Bursts in Health.pdf,0
360,10.1186/s13063-016-1160-4,Chang et al. - 2016 - Neural correlates of working memory training in HI.pdf,0
361,10.1016/j.jaac.2011.10.019,Pavuluri et al. - 2012 - Risperidone and divalproex differentially engage t.pdf,0
362,10.1017/S0033291719001880,Aguilar-Ortiz et al. - 2020 - Evidence for default mode network dysfunction in b.pdf,0
363,10.1016/j.nicl.2013.11.002,Brodersen et al. - 2014 - Dissecting psychiatric spectrum disorders by gener.pdf,0
364,10.1016/j.neuroimage.2018.01.003,Bielczyk et al. - 2018 - Thresholding functional connectomes by means of mi.pdf,0
365,10.1016/j.neuroimage.2018.11.048,Cornblath et al. - 2019 - Sex differences in network controllability as a pr.pdf,0
366,10.1371/journal.pone.0047433,Prilipko et al. - 2012 - The effects of CPAP treatment on task positive and.pdf,0
367,10.1038/s41386-020-00871-w,Baller et al. - 2021 - Neurocognitive and functional heterogeneity in dep.pdf,1
368,10.1186/s12906-020-03092-2,Lau et al. - 2020 - The effects of six months Persicaria minor extract.pdf,0
